b'Part 34/100 Check bio for more ====++ . . . . . . #powerfulmindset #motivation #fitnessmotivation https://t.co/U4ijniijMI',"b'RT ""My faith is in the younger generation the modern generation They will work out the whole problem like lions Swami Vi\xe2\x80\xa6'",b'Part 33/100 Check bio for more ====++ . . . . . . #powerfulmindset #motivation #fitnessmotivation https://t.co/DIuvjGoSlR',b'RT #MondayMotivation By doing bhakti based on the true way of worship told by the tatvadarshi sant one becomes free from sin T\xe2\x80\xa6',"b""RT Until we go to Satlok we can't attain supreme peace happiness or immortality It is only possible to go to Satlok if w\xe2\x80\xa6""",b'RT If a devotee does not have faith in God then there is no benefit of chanting Naam. Visit Saint Rampal Ji M\xe2\x80\xa6',"b'RT _IA ""\xf0\x9d\x91\xba\xf0\x9d\x92\x96\xf0\x9d\x92\x84\xf0\x9d\x92\x84\xf0\x9d\x92\x86\xf0\x9d\x92\x94 \xf0\x9d\x92\x8a \xf0\x9d\x92\x8f\xf0\x9d\x92\x90 \xf0\x9d\x92\x87\xf0\x9d\x92\x8a\xf0\x9d\x92\x8f\xf0\x9d\x92\x82\xf0\x9d\x92\x8d, \xf0\x9d\x91\xad\xf0\x9d\x92\x82\xf0\x9d\x92\x8a\xf0\x9d\x92\x8d\xf0\x9d\x92\x96\xf0\x9d\x92\x93 \xf0\x9d\x92\x8a \xf0\x9d\x92\x8f\xf0\x9d\x92\x90 \xf0\x9d\x92\x87\xf0\x9d\x92\x82\xf0\x9d\x92\x95\xf0\x9d\x92\x82\xf0\x9d\x92\x8d, \xf0\x9d\x91\xb0 \xf0\x9d\x92\x8a \xf0\x9d\x92\x95\xf0\x9d\x92\x89 \xf0\x9d\x92\x84\xf0\x9d\x92\x90\xf0\x9d\x92\x96\xf0\x9d\x92\x93\xf0\x9d\x92\x82\xf0\x9d\x92\x88 \xf0\x9d\x92\x95 \xf0\x9d\x92\x84\xf0\x9d\x92\x90\xf0\x9d\x92\x8f\xf0\x9d\x92\x95\xf0\x9d\x92\x8a\xf0\x9d\x92\x8f\xf0\x9d\x92\x96 \xf0\x9d\x92\x95\xf0\x9d\x92\x89\xf0\x9d\x92\x82 \xf0\x9d\x91\xaa\xf0\x9d\x92\x90\xf0\x9d\x92\x96\xf0\x9d\x92\x8f\xf0\x9d\x92\x95\xf0\x9d\x92\x94"" #MondayMotivation https://t.c\xe2\x80\xa6'","b""#SelfCare is not selfish it's necessary for your well-being Take time for yourself and prioritize your mental and https://t.co/Zt9xAQnMOq""",b'Everything you can imagine is real. #quotes #quotesdaily #quotesoftheday #lifequotes #MotivationalQuotes https://t.co/12GWzYlGIG',b'Part 32/100 Check bio for more ====++ . . . . . . #powerfulmindset #motivation #fitnessmotivation https://t.co/TCFQfVYJjB',b'Part 31/100 Check bio for more ====++ . . . . . . #powerfulmindset #motivation #fitnessmotivation https://t.co/4V1HUUn8XE',b'What is disruptive technology?https://t.co/Y7NA0Hstu2 #technology #trend #link #DisruptiveFineArt https://t.co/wf73unjh0P',b'RT What fuels you \xe2\x98\x95 #mondaymotivation https://t.co/w2xGDSb6mf',b'RT With a vision to eradicate blindness and provide easy access to the best eye treatment Mega #FreeEyeCamp has been inau\xe2\x80\xa6',b'RT _SPM #MondayMotivation #mondaythoughts #MuwellMotivation #FelizLunesATodos We all have made many mistakes in our lives Some big\xe2\x80\xa6',b'RT _SPM #MondayMotivation #mondaythoughts #MuwellMotivation #FelizLunesATodos Our values are like words of a language that would\xe2\x80\xa6',b'RT Worship should only be done of the Supreme God Other gods and angels should only be respected As per the scriptures of\xe2\x80\xa6',"b""I do gotta PrizePicks WAKE N CASH for y'all tho\xf0\x9f\x94\x8b This should cover easy PROMO CODE PR-1WPO3TO https://t.co/hPyduOCp4V""","b""RT #MondayMotivation It's #Monday again Where did our weekend go It's Spring We should be outside With a #Kindle and a\xe2\x80\xa6""",b'RT _Saeede #goodmorning dear friends \xf0\x9f\x92\xaaToday is the day to start. #MondayMotivation #photography https://t.co/DchZbzVT7c',b'RT What did you get #mondaymotivation https://t.co/vNZM8bn3MH',b'Discover A Method To Support Healthy Blood Sugar Levels... https://t.co/RhLtHmEADI Follow Like Comment Share. https://t.co/7RpL2oTmMT',b'RT Worship should only be done of the Supreme God Other gods and angels should only be respected As per the scriptures of\xe2\x80\xa6',b'RT _45K #Satlok_Vs_Earth God Kabir is the owner of Satlok which is an imperishable world where nothing ever gets spoiled. #GodMorn\xe2\x80\xa6',"b'RT Thank you so much to for collecting four editions of ""The Long Way Home"". -Lovely to wake up to this \xf0\x9f\x98\x8a -Promo an\xe2\x80\xa6'",b'RT sir the plumbing is repaired\xf0\x9f\x98\xbaanything else? #Cosplay #MondayMotivation #maid #FYP https://t.co/FZHX4SgLxk'
"b""Check out Legend's video #TikTok https://t.co/E0yvl06Cyr""","b""Check out Cathy Harris Speaks's video #TikTok https://t.co/lVkd7NToqi""",b'RT _Cooney Under the sea dancing \xf0\x9f\x8c\x8a\xf0\x9f\x90\xa0\xf0\x9f\x8e\xb6 #TikTok https://t.co/Gm7dniIfX9',"b""RT [#TIKTOK 230505 SEVENTEEN Official Tiktok update with VERNON #\xeb\xb2\x84 and fromis_9's Seoyeon Jiwon and Chaeyoung https://\xe2\x80\xa6""","b'Check out ABBAS___""\xe2\x99\xa5\xef\xb8\x8f\xf0\x9f\x9a\xa9\'s video #TikTok https://t.co/bV8TtSeaEh'","b""Check out bigpetethechef's video #TikTok https://t.co/48SkUYCcAJ Fried chicken yeah""","b""RT [#TIKTOK 230505 SEVENTEEN Official Tiktok update with VERNON #\xeb\xb2\x84 and fromis_9's Seoyeon Jiwon and Chaeyoung https://\xe2\x80\xa6""","b""RT _35 Check out Kuwait A\xe2\x80\x99tin \xf0\x9f\x87\xb0\xf0\x9f\x87\xbc's video #TikTok https://t.co/4O7xiDvrOe #SB19PAGTATAG #SB19 #GrupoMusical #SECAwards""","b""RT [#TIKTOK 230505 SEVENTEEN Official Tiktok update with VERNON #\xeb\xb2\x84 and fromis_9's Seoyeon Jiwon and Chaeyoung https://\xe2\x80\xa6""",b'RT _LCY [#TikTok #\xed\x8b\xb1\xed\x86\xa1] #KnockChallenge With #\xec\x9d\xb4 \xf0\x9f\x92\x9e (https://t.co/NmCDYSCyKr) #\xec\x9d\xb4\xec\xb1\x84 #LEECHAEYEON #KNOCK',b'RT _LCY [#TikTok #\xed\x8b\xb1\xed\x86\xa1] #KnockChallenge With #\xec\x9d\xb4 \xf0\x9f\x92\x9e (https://t.co/NmCDYSCyKr) #\xec\x9d\xb4\xec\xb1\x84 #LEECHAEYEON #KNOCK',"b""RT [#TIKTOK 230505 SEVENTEEN Official Tiktok update with VERNON #\xeb\xb2\x84 and fromis_9's Seoyeon Jiwon and Chaeyoung https://\xe2\x80\xa6""","b""Check out PetsInNeedNetwork's video #TikTok https://t.co/Fu8odqbebL""","b""RT [#TIKTOK 230505 SEVENTEEN Official Tiktok update with VERNON #\xeb\xb2\x84 and fromis_9's Seoyeon Jiwon and Chaeyoung https://\xe2\x80\xa6""","b""Check out Swag\xf0\x9f\x8c\x80's video #TikTok https://t.co/DXUS4eCdBQ""","b""Check out Hang Over Gang's video #TikTok https://t.co/ouX0Csw6HR This is the truth It's not left or right.""","b""Check out restispolitics's video #TikTok https://t.co/abqgTZfTvJ""","b""RT Check out \xe3\x81\xbf\xe3\x83\xbc\xf0\x9f\x8d\x80's video #TikTok https://t.co/eWYCqVAX8N""","b""Check out Kurd's video #TikTok https://t.co/5P1S4iHHzw\xf0\x9f\x98\x82\xf0\x9f\x98\x82\xf0\x9f\x98\x82\xf0\x9f\x98\x82\xf0\x9f\x98\x82""",b'#nowplaying on Mintwave Radio Hany Lee https://t.co/rZr3jQXkMA GAMES XX #nowplaying #alexa #streema #Scotland https://t.co/lkWl2A8jMZ',b'RT _LCY [#TikTok #\xed\x8b\xb1\xed\x86\xa1] #KnockChallenge With #\xec\x9d\xb4 \xf0\x9f\x92\x9e (https://t.co/NmCDYSCyKr) #\xec\x9d\xb4\xec\xb1\x84 #LEECHAEYEON #KNOCK',b'LFC Tiktok admin with another win #LFC #TikTok https://t.co/QrpcvtIGGc',"b""RT [#TIKTOK 230505 SEVENTEEN Official Tiktok update with VERNON #\xeb\xb2\x84 and fromis_9's Seoyeon Jiwon and Chaeyoung https://\xe2\x80\xa6""","b""Check out Choose Love w Melissa's video #TikTok https://t.co/vyQMOU3ZRY""","b""RT [#TIKTOK 230505 SEVENTEEN Official Tiktok update with VERNON #\xeb\xb2\x84 and fromis_9's Seoyeon Jiwon and Chaeyoung https://\xe2\x80\xa6""",b'RT _LCY [#TikTok #\xed\x8b\xb1\xed\x86\xa1] #KnockChallenge With #\xec\x9d\xb4 \xf0\x9f\x92\x9e (https://t.co/NmCDYSCyKr) #\xec\x9d\xb4\xec\xb1\x84 #LEECHAEYEON #KNOCK',b'RT So tagging so it gets traction from bigger and more important account than mine. \xe2\x80\xa6',b'RT _LCY [#TikTok #\xed\x8b\xb1\xed\x86\xa1] #KnockChallenge With #\xec\x9d\xb4 \xf0\x9f\x92\x9e (https://t.co/NmCDYSCyKr) #\xec\x9d\xb4\xec\xb1\x84 #LEECHAEYEON #KNOCK',b'MMD Sett STAY 58 By Shiro-NekoVocaloid (Me PLAYLIST https://t.co/6czkHEVWK2 #Sett #leagueoflegends #3d https://t.co/AVKqvdSaRJ',"b""RT [#TIKTOK 230505 SEVENTEEN Official Tiktok update with VERNON #\xeb\xb2\x84 and fromis_9's Seoyeon Jiwon and Chaeyoung https://\xe2\x80\xa6""",b'True #TikTok https://t.co/4wwPb2cW2p',b'RT _heqing OMG Whose fault is it #TikTok or #Twitter https://t.co/e7tfYTOBN4',b'RT _LCY [#TikTok #\xed\x8b\xb1\xed\x86\xa1] #KnockChallenge With #\xec\x9d\xb4 \xf0\x9f\x92\x9e (https://t.co/NmCDYSCyKr) #\xec\x9d\xb4\xec\xb1\x84 #LEECHAEYEON #KNOCK',"b""Check out protectyourcubs2's video #TikTok https://t.co/8VxzBKzZxv""","b""RT [#TIKTOK 230505 SEVENTEEN Official Tiktok update with VERNON #\xeb\xb2\x84 and fromis_9's Seoyeon Jiwon and Chaeyoung https://\xe2\x80\xa6""",b'RT _LCY [#TikTok #\xed\x8b\xb1\xed\x86\xa1] #KnockChallenge With #\xec\x9d\xb4 \xf0\x9f\x92\x9e (https://t.co/NmCDYSCyKr) #\xec\x9d\xb4\xec\xb1\x84 #LEECHAEYEON #KNOCK',b'RT _LCY [#TikTok #\xed\x8b\xb1\xed\x86\xa1] #KnockChallenge With #\xec\x9d\xb4 \xf0\x9f\x92\x9e (https://t.co/NmCDYSCyKr) #\xec\x9d\xb4\xec\xb1\x84 #LEECHAEYEON #KNOCK',"b""Check out -_-'s video #TikTok https://t.co/jKJLcZGCxX""","b""RT [#TIKTOK 230505 SEVENTEEN Official Tiktok update with VERNON #\xeb\xb2\x84 and fromis_9's Seoyeon Jiwon and Chaeyoung https://\xe2\x80\xa6""","b""RT [#TIKTOK 230501 SEVENTEEN Official TikTok update with VERNON #\xeb\xb2\x84 and TEMPEST's LEW and Hwarang \xf0\x9f\x96\x87 https://t.co/iJ8f1Tyni\xe2\x80\xa6""","b""Check out Waheedakram's video #TikTok https://t.co/bLt5oewp5s""","b""RT [#TIKTOK 230505 SEVENTEEN Official Tiktok update with VERNON #\xeb\xb2\x84 and fromis_9's Seoyeon Jiwon and Chaeyoung https://\xe2\x80\xa6""","b""Check out HILLBILLY's video #TikTok https://t.co/dERjLUWe8c""","b""Check out Logic Approach's video #TikTok https://t.co/AV8Vb5gjLm""","b""Check out Chatwin's video #TikTok https://t.co/gFDEVzA0Jl""","b""RT [#TIKTOK 230504 SEVENTEEN Official TikTok update with VERNON #\xeb\xb2\x84 and ENHYPEN's Ni-ki \xf0\x9f\x96\x87 https://t.co/WpJb0flAPl \xf0\x9f\x96\x87 http\xe2\x80\xa6""","b""RT [#TIKTOK 230505 SEVENTEEN Official Tiktok update with VERNON #\xeb\xb2\x84 and fromis_9's Seoyeon Jiwon and Chaeyoung https://\xe2\x80\xa6""","b""RT [#TIKTOK 230505 SEVENTEEN Official Tiktok update with VERNON #\xeb\xb2\x84 and fromis_9's Seoyeon Jiwon and Chaeyoung https://\xe2\x80\xa6""","b""Check out P.T.I LOVER's video #TikTok https://t.co/EootC8br5g""",b'RT _LCY [#TikTok #\xed\x8b\xb1\xed\x86\xa1] #KnockChallenge With #\xec\x9d\xb4 \xf0\x9f\x92\x9e (https://t.co/NmCDYSCyKr) #\xec\x9d\xb4\xec\xb1\x84 #LEECHAEYEON #KNOCK'
b'RT _deborah CALLUM BEATTIE VANDALS ON TOUR LEEDS 25 APRIL 2023 \xe2\x80\x98HOME FREE\xe2\x80\x99 #callumbeattieofficial #callumbeattie #leeds #wearev\xe2\x80\xa6',b'RT _Narally SO LAURA COMES HOME DISRESPECTS ME AND THEN THIS HAPPENED.. #Foryoupage #GetOutMyHouse #LeaveMeAlone #LauraNajm #For\xe2\x80\xa6',"b'2 line love poetry love poetry status romantic heart touching poetry,#foryou #foryoupage #awaz_e_dil #trending https://t.co/sPx9TB2E2D'","b'MITRA to provide RM2k financial aid to 10,000 Indian undergraduates #latest #vanakkammalaysia #mitra #provide https://t.co/zEMQULK0mU'",b'Rape allegation Trump denies via video testimony #latest #vanakkammalaysia #rape #allegation #trump #denies https://t.co/EGzvX7Z1s9',b'Man hired cousin for RM453 to kill 1st wife #latest #vanakkammalaysia #man #hired #cousin #kill #1stwife https://t.co/NRT5ARhJ9F',"b""Missing fisherman's body part found in two crocodiles stomach #latest #vanakkammalaysia #missingfisherman https://t.co/zvxJpn9fsL""",b'Today\xe2\x80\x99s Headlines #latest #vanakkammalaysia #today #headlines #fyp #vmnews #foryoupage #trendingnewsmalaysia https://t.co/WyfvLFE3Z5',b'WhatsApp link https://t.co/dUjJhi5oKS Diet Therapy for \xf0\x9f\x94\xb6Weight Loss \xf0\x9f\x94\xb6Diabetes \xf0\x9f\x94\xb6Blood Pressure \xf0\x9f\x94\xb6For Mothers \xf0\x9f\x94\xb6Acne \xf0\x9f\x94\xb6 https://t.co/Y21KjumiYn',b'\xe2\x9c\xa8How I make Refreshing Cucumber and Basil Seeds Drink #shorts https://t.co/mkOKWp9oxr via \xf0\x9f\x91\xa9\xe2\x80\x8d\xf0\x9f\x8d\xb3 #shorts https://t.co/txs0k9IYi2',b'Pakistani people are so wired about politics. #politics #Pakistan #Pti #foryoupage #pmln',b'I cant #fyp #billieeilish #foryou #foryoupage #fyp EILISH https://t.co/5Ft1voHzQR via',b'RT _3_ Make sure to like \xe2\x9d\xa4 and follow for more #ufo #ufo\xe3\x82\xad\xe3\x83\xa3\xe3\x83\x83\xe3\x83\x81\xe3\x83\xa3 #ufosky #ufos #ufosighting #ufo361 #ufocommunity #alien #ali\xe2\x80\xa6',b'No Caption Needed #quaideazam #Founderofpak #Karachi #City #of #lights #Viral #Foryoro #foryoupage #Twitter #2k23 https://t.co/S2VW8qhOfK',b'Dressed all in black is for me \xf0\x9f\x96\xa4\xf0\x9f\x98\x8d #foryou #foryoupage #dressedinblack #beautiful #latinamami #selflove #fyp https://t.co/AL1e43pkOu',b'RT _gg umm excuse #warzone #warzoneclips #fyp #foryou #foryoupage #lgbt #veteran #stackup #military #rogueenergy #goldfinchgg\xe2\x80\xa6',b'RT _gg duck all of you #warzone #warzoneclips #fyp #foryou #foryoupage #lgbt #veteran #stackup #military #rogueenergy #goldfi\xe2\x80\xa6',b'Better not forget da percs... #music #foryoupage #foryou #cartoonvideo https://t.co/Ei5yRCMZkt',b'RT _gg duck all of you #warzone #warzoneclips #fyp #foryou #foryoupage #lgbt #veteran #stackup #military #rogueenergy #goldfi\xe2\x80\xa6',b'Why do they always push Alone ? #duo #gamingcommunity #CallOfDuty #Fortnite #VALORANT\xe8\x87\xaa\xe5\xb7\xb1\xe7\xb4\xb9\xe4\xbb\x8b\xe3\x82\xab\xe3\x83\xbc #foryou #foryoupage https://t.co/Q7GlzEmKvu'
b'RT Another brilliant idea from _prairie .. thanks for the inspiration Feel free to steal it #Fellas \xf0\x9f\x98\x85 #Memes https:\xe2\x80\xa6',b'#MEMES ARE GOONA CHANGE THE WAY WE CONSUME CONTENT',"b""RT $MONG hit $82m today As a TG mod and die-hard #MONG I'm never selling the culture it's taking over the world. That bei\xe2\x80\xa6""","b""if it's a comedy series that criticizes everything and makes a rant about it ok But if not wtf Netflix? https://t.co/MSqhRwlduB""",b'RT May the 4th be with you! #MayThe4thBeWithYou #Memes https://t.co/1v0Bq41X0o',b'RT Darth Vader always knew what Luke got him for Father\xe2\x80\x99s Day He could sense his presents May the 4th be with you!\xe2\x80\xa6',b'RT May the 4th be with you homies. And thank you to for the picture LOL #2A #Memes #MayThe4thBeWithYou #arfcom https\xe2\x80\xa6',"b'\xe2\x80\x9cI drink #coffee stronger than your feelings ( October 2018) Also ""Careful I drink coffee stro https://t.co/3V8gGMlBRh'",b'They\xe2\x80\x99ve cured disease stopped crime and solved poverty https://t.co/wcKkfL2y9f #memes #funny #meme #dankmemes #funnymemes #viral',b'Raven car #memes https://t.co/98G0BZawjb',b'RT _q Bronseele \xf0\x9f\x98\x85 #honkaistarrailfanart #memes https://t.co/WArLYcelUl',b'Great tweet abject pettiness Solid 8/10 #gaming #streaming #ContentCreator #content #tiktok #twitter #instagram https://t.co/7sd73cVVX1',b'Jummah \xe2\x9c\xa8 #Abdulhadi #Hats_studios #twitter #instagram #facebook #youtube #memes #tiktok #love #follow #like #meme https://t.co/dwPgHsoYZ9',"b""Based on true events even if he boolies me I still love him :'&gt Also that was my first csgo game ever so I think https://t.co/GuDKAxCGoZ""",b'RT _q Bronseele \xf0\x9f\x98\x85 #honkaistarrailfanart #memes https://t.co/WArLYcelUl',b'RT This is still one of the best #memes in #cybersecurity and #DFIR......funny and highly accurate Happy Friday https://t.co/\xe2\x80\xa6',b'Escape the Mundane Take a Break from Reality. . . #reality #love #life #bbb #truth #afazenda #quotes #instagram https://t.co/vQ29dLHdf1',b'Hey social media marketers can you relate to this Share your experience in the comment section below. #memes https://t.co/RlhpN0N0Cu',b'RT Hell nah bro pulled that out his bag premeditation \xe2\x98\xa0\xef\xb8\x8f\xe2\x98\xa0 hate this #streetfight #fight #fights #streetfights #fighting #knockou\xe2\x80\xa6',b'RT _sews A favourite fleece and polo top into a memory bear to remember them forever This is the larger size bear with a coll\xe2\x80\xa6',"b'""women annihilator #shitpost #shitposting #memes #reddit https://t.co/gowyKknb4x'",b'YOUSUI #Memes https://t.co/ZFdhjSrIIr',b'Bam collected 50k of these beans for some huge #altcoins alpha Check out the link below to see how https://t.co/SCFLLF7HBl'
b'RT #Izzy #Cute #Girl #Fanart #FanartFriday #TotalDrama #ArtistOnTwitter #Fanart #Girl #Funny #totaldramaisland #Izzy #CanadianC\xe2\x80\xa6',b'Personalized Beach House Labrador Boys iPad Pro Cover #cute #dog #funny #labrador #retriever #iPadProCover https://t.co/DBLKy47sOm',b'RappCats https://t.co/9vbO8decLs s #cute?\xf0\x9f\x98\xb8Dinner was good!\xf0\x9f\x92\x96#kittens #kitten #AdoptDontShop #cats https://t.co/zhA3Cz7o5W',"b""RT What's a little food on your face when you're this #cute?\xf0\x9f\x98\xb8Dinner was good!\xf0\x9f\x92\x96#kittens #kitten #AdoptDontShop #cats #pets #\xe2\x80\xa6""",b'This site is my reason to keep up Twitter\xe2\x99\xa1 \xe2\x86\x92https://t.co/wzJSdv0IWt #singer #AIphoto #aigirls #cute #kawaii https://t.co/YUwri1hWTd',b'1992 movie https://t.co/sI0nKOBrrV #love #instagood #fashion #photooftheday #beautiful #art #photography #happy https://t.co/EEv7JgYgqd',b'RT _2016 A gorgeous little Lapwing chick taken this week on my three day adventure around nature reserves in Kent UK #BirdsSeenIn2\xe2\x80\xa6',b'Instagram iam_austinnice Facebook IamAustinnice #singer #hardrock #tagblender #guitarist #pianist https://t.co/rGS2MazOhU',b'Lhog (just pronounced \xe2\x80\x98log\xe2\x80\x99) Either long baby boar or baby pig stuck in a hollow log hubby loves piggies \xf0\x9f\xa7\xa1 https://t.co/BSzhOxLLEV',b'Unfriendly... #fashion #photooftheday #beautiful #art #photography #gayboy #picoftheday #cute #follow #raw_ai https://t.co/PAyb9DxdsX',"b""RT _goenka You have to do your thing no matter what anyone says .It's your life . #consciouslife #humans #life #fish #Fights #cute h\xe2\x80\xa6""",b'You owe us the cut episode where Mikey is suddenly the oldest brother We want more Rise of the TMNT! https://t.co/ZJsl2o4M9S'
"b'""I will solve your problem and issue with an experience which will make your life easier and save you money in the https://t.co/uJZpM4KAm3'",b'Listen now https://t.co/tIYEX9vYOj #competition #influencer #influencermarketing #fridayfeeling #MondayMotivation https://t.co/ViyxiwtnMR'
b'RT \xe2\x9a\x94\xef\xb8\x8fThe Rise of Torg Audiobook (1/5 \xf0\x9f\x94\x8a Discover #fantasy world of Legends of Elysium in the first part of a short #aud\xe2\x80\xa6',b'Powerful fiction The Mad Trapper by Aaron M Hertner https://t.co/bErfW7wAaZ #shortstory',"b""And THIS is my fave of #shortstory #writers in the *world though Tagore's #creativity and #Genius went far beyon https://t.co/4ldDw31BpK""",b'She was determined to get her happily-ever-after...if only she could forgive herself https://t.co/UY8JqCLx2h https://t.co/zE12egBbcj',b'RT What type of stories are your kids interested in #shortstory #shortstorycollection #shortstoryblog #shortstoryturned\xe2\x80\xa6',b'RT If you need something scary or creepy to pass the time browse my short stories. \xf0\x9f\x91\x89\xf0\x9f\x91\x89https://t.co/6WdHRfM4KU #99cents #\xe2\x80\xa6',b'RT My short story is about \xe2\x80\x9cAmelia\xe2\x80\x9d a little orphan girl of 4 who is abandoned in Victorian London To find out what ha\xe2\x80\xa6',b'RT \xe2\x9a\x94\xef\xb8\x8fThe Rise of Torg Audiobook (1/5 \xf0\x9f\x94\x8a Discover #fantasy world of Legends of Elysium in the first part of a short #aud\xe2\x80\xa6',"b""RT Enjoy this short #audiobook on #Audible https://t.co/dxjFIhQji1 https://t.co/bVbXfGkVeH Who's Going to Feed Johnny? #\xe2\x80\xa6""",b'RT NANOTECH FOOD SUPPLY 5:01 Minutes https://t.co/ghA8zlHN1S #Newsnight #news #shortstory #Video #VideoViral https://t.co/igf\xe2\x80\xa6',b'RT Did #Bigfoot dismember the people of #Portlock #Alaska NIGHTMARE AT PORTLOCK by TIM ARNZEN https://t.co/8dmULacQLB \xe2\x80\xa6',"b""RT #free #shortstory Disgusting Gory Funny Shocking A story like none other You'll never look at KFC the same Gr\xe2\x80\xa6""",b'My short story is about \xe2\x80\x9cAmelia\xe2\x80\x9d a little orphan girl of 4 who is abandoned in Victorian London To find out what https://t.co/eLPnlim57D',b'RT Perfection Secrets \xf0\x9f\x94\xb8Evil soul \xf0\x9f\x94\xb8Love Free on #KindleUnlimited #WritingCommnunity #shor\xe2\x80\xa6',b'MISS BASHLINGBURG\xe2\x80\x99s ATTEMPTS Husband hunting and mechanisms should go together like tea and\xe2\x80\xa6well she doesn\xe2\x80\x99t reall https://t.co/VqXYAXJoBA',"b""RT I added a new short story to my site This is something a little different not a horror story but I'm very pleased w\xe2\x80\xa6""","b""RT Woohoo less than two hours until this weekend's #FuriousFiction Big THANKS as always #shortstory #\xe2\x80\xa6""","b""Woohoo less than two hours until this weekend's #FuriousFiction Big THANKS as always \xf0\x9f\x99\x8f https://t.co/PI3fx2pMoq""","b""RT _ '5\xe2\xad\x90\xef\xb8\x8f This book (by was spellbinding.' 'a series of interviews which reveal the subjects deepest darkest,\xe2\x80\xa6""",b'RT \xe2\x9a\x94\xef\xb8\x8fThe Rise of Torg Audiobook (1/5 \xf0\x9f\x94\x8a Discover #fantasy world of Legends of Elysium in the first part of a short #aud\xe2\x80\xa6',b'RT \xe2\x9a\x94\xef\xb8\x8fThe Rise of Torg Audiobook (1/5 \xf0\x9f\x94\x8a Discover #fantasy world of Legends of Elysium in the first part of a short #aud\xe2\x80\xa6',b'RT \xe2\x9a\x94\xef\xb8\x8fThe Rise of Torg Audiobook (1/5 \xf0\x9f\x94\x8a Discover #fantasy world of Legends of Elysium in the first part of a short #aud\xe2\x80\xa6',b'#amreading New #TimeTravel novella https://t.co/GhLa4P89cd #Ebook #Bibliophile #HistFic #ShortStory #prosperity https://t.co/wFpCv2X9cu',"b""RT _ '5\xe2\xad\x90\xef\xb8\x8f This book (by was spellbinding.' 'a series of interviews which reveal the subjects deepest darkest,\xe2\x80\xa6""","b""'5\xe2\xad\x90\xef\xb8\x8f This book (by was spellbinding.' 'a series of interviews which reveal the subjects deepest dar https://t.co/1qogkEPVzA""","b""'5\xe2\xad\x90\xef\xb8\x8f This book (by was spellbinding.' 'a series of interviews which reveal the subjects deepest dar https://t.co/eMS69v7xKX""",b'RT _C_54 THE ACCEPTANCE OF LOVE A thought-provoking short story about a woman who struggles to understand the true meaning of lov\xe2\x80\xa6',b'RT \xe2\x9a\x94\xef\xb8\x8fThe Rise of Torg Audiobook (1/5 \xf0\x9f\x94\x8a Discover #fantasy world of Legends of Elysium in the first part of a short #aud\xe2\x80\xa6',b'RT \xe2\x9a\x94\xef\xb8\x8fThe Rise of Torg Audiobook (1/5 \xf0\x9f\x94\x8a Discover #fantasy world of Legends of Elysium in the first part of a short #aud\xe2\x80\xa6',b'RT \xe2\x9a\x94\xef\xb8\x8fThe Rise of Torg Audiobook (1/5 \xf0\x9f\x94\x8a Discover #fantasy world of Legends of Elysium in the first part of a short #aud\xe2\x80\xa6'
b'3 Ela adda 4 Sukhiyan 5 Ulli vada 6 Nei appam 7 Unnaka The Malabar region North Kerala has some delish s https://t.co/pAlGClnyGp',b'RT Consumer demand for fresh tasty homemade prepared foods is on the rise around the world and not just on this Pizza Day.\xe2\x80\xa6',b'RT You are what you eat! And eating is not just food it\xe2\x80\x99s what all 5 senses consume What you see touch feel hear\xe2\x80\xa6.\xe2\x80\xa6',"b""RT _hungry Good morning lovely Hungrys It's a beautiful morning workout done &amp time for #breakfast recipe https://t.co/hqdhiVP3Gg\xe2\x80\xa6""",b'\xf0\x9f\x94\xb8Please come visit us at the #FHAM2023 held by FHAM Food and Hospitality Asia Maldives At Hulhumale Central Pa https://t.co/xPXIgRAZtk',"b'RT French farmers are covering crops with #SolarPanels to produce food and #RenewableEnergy ""The aim is to allow farmers to\xe2\x80\xa6'",b'#TweetWagon #connecticut #FoodTruck #Food feed https://t.co/QaBRtWdgor https://t.co/Y9l3lIO7id',"b'RT French farmers are covering crops with #SolarPanels to produce food and #RenewableEnergy ""The aim is to allow farmers to\xe2\x80\xa6'",b'RT Olpers 1.5ltr carton SIRF 8 DABBAY Imran Khan k dour main 1500-1700 tak miltay thay. It is now for 3150 in the market as pe\xe2\x80\xa6',b'\xf0\x9f\x94\xb8Please come visit us at the #FHAM2023 held by FHAM Food and Hospitality Asia Maldives At Hulhumale Central Pa https://t.co/WT9ATGFuJm',"b""RT Catalonia Spain- 'The lack of water is having a catastrophic impact on farms across the region.' \xe2\x80\x9cThere is no prece\xe2\x80\xa6""",b'RT Thrilled to be part of the organization team of such a great initiative by Come joi\xe2\x80\xa6',b'WEIGHT LOSS DIET PLAN FOR SUMMERS #food #health #weightloss #healthyfood #healthylifestyle https://t.co/iiD7a0x4Vp https://t.co/R1KR1mwpKC',b'RT has joined forces with Feed the Need Coalville to help organise the delivery of food boxes to help families\xe2\x80\xa6',"b""RT Catalonia Spain- 'The lack of water is having a catastrophic impact on farms across the region.' \xe2\x80\x9cThere is no prece\xe2\x80\xa6""",b'#TweetWagon #NorthCarolina #FoodTruck #Food feed https://t.co/0dlmAN2Lvt https://t.co/q9kkhXrdSe',b'Team AMUSE with Sridevi Yerroju a nutritionist and an psychologist &amp educationalist &amp director of Pinnacle Institu https://t.co/2NXtHpnkhS',b'#TweetWagon #NewYork #FoodTruck #Food feed https://t.co/kX6diAHML0 https://t.co/DgxxcLwpPg',b'#TweetWagon #California #FoodTruck #Food feed https://t.co/hZSH54rTgB https://t.co/9p0ZO6TSW6',b'RT We all want to see a world of healthy food clean rivers and flourishing ecosystems. RePlaneteer Iida explores whether\xe2\x80\xa6',b'#TweetWagon #newjersey #FoodTruck #Food feed https://t.co/zulFeyCFoL https://t.co/eYJWvJshvl',"b""RT Food production uses almost half of all habitable land This doesn't leave much space for wild nature. RePlaneteer Iida\xe2\x80\xa6""",b'RT Welcome to our guests from We hope you enjoy your Breakfast Have a great day of #Golf \xe2\x80\xa6',b'RT [I ate Steak &amp Cheese Melt https://t.co/J4kfnLdrNE #homecooking #food #recipes #foodie #foodlover #cooking #homecookin\xe2\x80\xa6',b'RT _Nutrition \xf0\x9f\x9a\xa8The 2023 Global Report on #FoodCrises is OUT! In 2022 258 mil people were acutely food insecure &amp required urgent #foo\xe2\x80\xa6',b'PLEASE WATCH! #animals #vegan #vegans #veganism #terror #horror #torture #AnimalAgriculture #FarmAnimals https://t.co/pTRBQStlSO'
b'Did you know that has a Chinese restaurant This weekend is the perfect time to come and check it out https://t.co/j8vs5lrPxO',b'3 Ela adda 4 Sukhiyan 5 Ulli vada 6 Nei appam 7 Unnaka The Malabar region North Kerala has some delish s https://t.co/pAlGClnyGp',b'RT Consumer demand for fresh tasty homemade prepared foods is on the rise around the world and not just on this Pizza Day.\xe2\x80\xa6',b'RT You are what you eat! And eating is not just food it\xe2\x80\x99s what all 5 senses consume What you see touch feel hear\xe2\x80\xa6.\xe2\x80\xa6',"b""RT _hungry Good morning lovely Hungrys It's a beautiful morning workout done &amp time for #breakfast recipe https://t.co/hqdhiVP3Gg\xe2\x80\xa6""",b'\xf0\x9f\x94\xb8Please come visit us at the #FHAM2023 held by FHAM Food and Hospitality Asia Maldives At Hulhumale Central Pa https://t.co/xPXIgRAZtk',"b'RT French farmers are covering crops with #SolarPanels to produce food and #RenewableEnergy ""The aim is to allow farmers to\xe2\x80\xa6'",b'#TweetWagon #connecticut #FoodTruck #Food feed https://t.co/QaBRtWdgor https://t.co/Y9l3lIO7id',"b'RT French farmers are covering crops with #SolarPanels to produce food and #RenewableEnergy ""The aim is to allow farmers to\xe2\x80\xa6'",b'RT Olpers 1.5ltr carton SIRF 8 DABBAY Imran Khan k dour main 1500-1700 tak miltay thay. It is now for 3150 in the market as pe\xe2\x80\xa6',b'\xf0\x9f\x94\xb8Please come visit us at the #FHAM2023 held by FHAM Food and Hospitality Asia Maldives At Hulhumale Central Pa https://t.co/WT9ATGFuJm',"b""RT Catalonia Spain- 'The lack of water is having a catastrophic impact on farms across the region.' \xe2\x80\x9cThere is no prece\xe2\x80\xa6""",b'RT Thrilled to be part of the organization team of such a great initiative by Come joi\xe2\x80\xa6',b'WEIGHT LOSS DIET PLAN FOR SUMMERS #food #health #weightloss #healthyfood #healthylifestyle https://t.co/iiD7a0x4Vp https://t.co/R1KR1mwpKC',b'RT has joined forces with Feed the Need Coalville to help organise the delivery of food boxes to help families\xe2\x80\xa6',"b""RT Catalonia Spain- 'The lack of water is having a catastrophic impact on farms across the region.' \xe2\x80\x9cThere is no prece\xe2\x80\xa6""",b'#TweetWagon #NorthCarolina #FoodTruck #Food feed https://t.co/0dlmAN2Lvt https://t.co/q9kkhXrdSe',b'Team AMUSE with Sridevi Yerroju a nutritionist and an psychologist &amp educationalist &amp director of Pinnacle Institu https://t.co/2NXtHpnkhS',b'#TweetWagon #NewYork #FoodTruck #Food feed https://t.co/kX6diAHML0 https://t.co/DgxxcLwpPg',b'#TweetWagon #California #FoodTruck #Food feed https://t.co/hZSH54rTgB https://t.co/9p0ZO6TSW6',b'RT We all want to see a world of healthy food clean rivers and flourishing ecosystems. RePlaneteer Iida explores whether\xe2\x80\xa6',b'#TweetWagon #newjersey #FoodTruck #Food feed https://t.co/zulFeyCFoL https://t.co/eYJWvJshvl',"b""RT Food production uses almost half of all habitable land This doesn't leave much space for wild nature. RePlaneteer Iida\xe2\x80\xa6""",b'RT Welcome to our guests from We hope you enjoy your Breakfast Have a great day of #Golf \xe2\x80\xa6',b'RT [I ate Steak &amp Cheese Melt https://t.co/J4kfnLdrNE #homecooking #food #recipes #foodie #foodlover #cooking #homecookin\xe2\x80\xa6',b'RT _Nutrition \xf0\x9f\x9a\xa8The 2023 Global Report on #FoodCrises is OUT! In 2022 258 mil people were acutely food insecure &amp required urgent #foo\xe2\x80\xa6'
b'RT \xe2\x80\x9cWisdom is the best friend.\xe2\x80\x9d \xe2\x9c\x8d #ImamAli #photo https://t.co/hfNOxVOxTU',b'Have you visited my\xef\xbf\xbd#FineArtAmerica page\xef\xbf\xbd#photostream\xef\xbf\xbdrecently #photo there I hope you enjoy.\xef\xbf\xbd\xef\xbf\xbd#Photography f131 https://t.co/F4N2hcwpas',b'Have you visited my\xef\xbf\xbd#FineArtAmerica page\xef\xbf\xbd#photostream\xef\xbf\xbdrecently #photo there I hope you enjoy.\xef\xbf\xbd\xef\xbf\xbd#Photography f131 https://t.co/jafPYqH4zF',b'Have you visited my\xef\xbf\xbd#FineArtAmerica page\xef\xbf\xbd#photostream\xef\xbf\xbdrecently #photo there I hope you enjoy.\xef\xbf\xbd\xef\xbf\xbd#Photography f131 https://t.co/wjHKwxC8qU',b'RT Good Morning \xf0\x9f\x92\x99\xf0\x9f\x92\x9c\xf0\x9f\x96\xa4 #LoveTwitter #beautiful #naturelovers #flowers #naturepositive #photo #butterfly https://t.co/y9NAuSSh\xe2\x80\xa6',b'RT _photo Another Tunnel #nikon #photo #photography #streetphoto #streetphotography #streetsnap #snapshot https://t.co/JeKbpmLyzI',b'RT _photo Under Construction #mobilephoto #mobilephotography #streetphotography #snapshot #photo #photograghy #blackandwhite #m\xe2\x80\xa6',"b'RT _Forum_com ""Snow Monkeys"" A Captivating Photographic Journey in Nagano https://t.co/8lXr5dRcfA #photography #photo #DPForum #amaz\xe2\x80\xa6'","b'RT _photo crunched newspapers in a ""super absorbent kitchen towel box #photo #photography #mobilphoto #snapshot #photoshopexpre\xe2\x80\xa6'",b'I love pauri \xe2\x9d\xa4\xef\xb8\x8f\xf0\x9f\xa5\xb0....#Uttarakhand #Trending #photo #love #pauri i love my uttrakhand https://t.co/6Egf6pmg4l',b'um kinda just took the most insane photo ever. ON MY IPHONE #ShotoniPhone #photograghy #photo #shotbyphone https://t.co/2qlMlXfVHB',"b'RT _Elhk \xc2\xa1Hand supports his fatigue!\xf0\x9f\xa4\x97 A beautiful friendship\xf0\x9f\x98\x8a Estimate, Respect, support. No-one like you\xf0\x9f\xab\xb0 Thank you so much\xf0\x9f\x99\x8f \xf0\x9f\x92\xaa\xf0\x9f\x99\x8c\xf0\x9f\x91\x8f\xf0\x9f\x91\x8d\xf0\x9f\xa4\x9d\xf0\x9f\x91\x8c\xf0\x9f\xa4\x9c\xf0\x9f\xa4\x9b\xe2\x80\xa6'",b'RT Countryside around Montepulciano Italy. #Tuscany #Toscana #Italy #Italia #landscape #landscapephotography #travel #t\xe2\x80\xa6',b'RT I love daisies too. \xf0\x9f\x8c\xbc\xf0\x9f\x8d\x83\xf0\x9f\xa4\x8d\xf0\x9f\x8d\x83\xf0\x9f\x8c\xbc Thank you \xf0\x9f\x99\x8f\xf0\x9f\x8f\xbcSakura. #flowerphotography #DAISY #Arigato #MyF\xe2\x80\xa6',"b""RT Original #photo 3 screenshots There is a lot of #energy It's nice seeing people who once seemed to be happy \xf0\x9f\x91\x80\xf0\x9f\x99\x82\xe2\x9d\xa4\xe2\x80\xa6""","b""Good morning Tweeters Damp today but it is Friday Yesterday's sky in #Poole #StormHour #clouds #photo https://t.co/wuanr5Mfmq""",b'https://t.co/9WWc5vUIp6 photo album 28 pages 56 pictures 7X9 Post Bound.. (Photo Albums &amp Boxes #Photo #Albums https://t.co/wTQmzGbiJl',"b'RT _photo crunched newspapers in a ""super absorbent kitchen towel box #photo #photography #mobilphoto #snapshot #photoshopexpre\xe2\x80\xa6'",b'And #Friday too Great #photo https://t.co/TWnJwxIrH1',b'RT Wonderfully smart looking bullfinch \xf0\x9f\xa7\xa1 Finally Friday have a great day!! \xf0\x9f\xa7\xa1\xf0\x9f\x8e\x89\xf0\x9f\xa7\xa1\xf0\x9f\x8e\x89\xf0\x9f\xa7\xa1\xf0\x9f\x8e\x89\xf0\x9f\xa7\xa1\xf0\x9f\x8e\x89 #daughterpic #birds #BirdsOfTwitter #Na\xe2\x80\xa6'
b'Art for the Eyes #frenchalps #alps #artwork #art #artlover #landscapelovers #photooftheday #wallart #PHOTOS #visa https://t.co/DyzW5QyYTt',"b'RT _russia #PhotoOfTheDay \xf0\x9f\x87\xb7\xf0\x9f\x87\xba\xf0\x9f\x87\xae Foreign Ministers Sergey Lavrov and Dr Subrahmanyam Jaishankar hold talks ""on the sidelines of the\xe2\x80\xa6'",b'RT Tweeters Another Great Day in Venice https://t.co/QPT2Zc7Hft #photography #photooftheday #photo #photograph https://t.\xe2\x80\xa6',b'RT June 21 #ThankfulThursday #ArtMatters #AYearForArt #BuyIntoArt #landscapephotography #photooftheday #summer #homedec\xe2\x80\xa6',b'RT _oro13 Good Morning My Friends! #Buongiorno #BuongiornoATutti #venerd #5maggio #photooftheday #photography #landscapephoto\xe2\x80\xa6'
b'RT A New Zealand fantail or p\xc4\xabwakawaka captured during the golden hour #birdphotography #TwitterNatureCommunity #birds #\xe2\x80\xa6',b'RT Croatia pt.34 #croatia #dubrovnik #old #city #travel #holiday #architecture #sun #fun #beautiful #photography #photo #photoofth\xe2\x80\xa6',b'Art for the Eyes #frenchalps #alps #artwork #art #artlover #landscapelovers #photooftheday #wallart #PHOTOS #visa https://t.co/DyzW5QyYTt',"b'RT _russia #PhotoOfTheDay \xf0\x9f\x87\xb7\xf0\x9f\x87\xba\xf0\x9f\x87\xae Foreign Ministers Sergey Lavrov and Dr Subrahmanyam Jaishankar hold talks ""on the sidelines of the\xe2\x80\xa6'",b'RT Tweeters Another Great Day in Venice https://t.co/QPT2Zc7Hft #photography #photooftheday #photo #photograph https://t.\xe2\x80\xa6',b'RT June 21 #ThankfulThursday #ArtMatters #AYearForArt #BuyIntoArt #landscapephotography #photooftheday #summer #homedec\xe2\x80\xa6',b'RT _oro13 Good Morning My Friends! #Buongiorno #BuongiornoATutti #venerd #5maggio #photooftheday #photography #landscapephoto\xe2\x80\xa6'
b'RT _NFT On the planet Eden the order of wizards Edenars arose who receive power from the outside world they are the defender\xe2\x80\xa6',"b'Dog Dad Duty tshirt ,Dadday gift tshirt a special funny tshirt gift for dad,dogdad,dogslover,dog owners https://t.co/Pmm07Prpmw'",b'RT Our first trip off farm in 9 weeks . lambing and work are so consuming there is little time for anything else . Yester\xe2\x80\xa6',b'RT Bailey would like you to retweet him so the people who are searching for their perfect match might just find him \xf0\x9f\x92\x9a http\xe2\x80\xa6',b'#shortbreaks #holiday #selfcatering #couple #infant #dog We are In Gt Bealings #Woodbridge #Suffolk To book https://t.co/fa7BqwYHPb',"b""RT Duke joins the #forgottensoulshour He's spent a year looking for his forever home He's a timid little fella who warms t\xe2\x80\xa6""",b'RT _Animal_Team #AmericanBully 18mo approx #found tied to a fence in #Aberdare #RCT #Wales Currently doing her 7 days at Hope Rescue\xe2\x80\xa6',b'RT Beth would like you to retweet her so the people who are searching for their perfect match might just find her \xf0\x9f\x92\x9a https:\xe2\x80\xa6',b'RT Bailey would like you to retweet him so the people who are searching for their perfect match might just find him \xf0\x9f\x92\x9a http\xe2\x80\xa6',b'RT Mini would like you to retweet her so the people who are searching for their perfect match might just find her \xf0\x9f\x92\x9a https:\xe2\x80\xa6',"b""RT Duke joins the #forgottensoulshour He's spent a year looking for his forever home He's a timid little fella who warms t\xe2\x80\xa6""",b'RT #Dog #Pluto_CCSTCA_07 Meet Pluto The hidden gem that belongs in your life Wonderful dog come meet him https://t.co/\xe2\x80\xa6',b'RT Good night #painting #artwork #art #dog https://t.co/Rgd1RMTrmK',b'RT #Dog #Pluto_CCSTCA_07 Loves playing in water even if it\xe2\x80\x99s raining outside https://t.co/8ellmOETcD https://t.co/0FN71M\xe2\x80\xa6',b'RT #Dog #Papacito_CCSTCA_01 Young pup friendly with dogs and humans will make a great addition to a pack https://t.co/I\xe2\x80\xa6',b'RT #Dog #Papacito_CCSTCA_01 Sweet dog good energy very friendly https://t.co/IM4WWGH25u https://t.co/vumf78aYVs',b'RT #Dog #Pluto_CCSTCA_07 Super affectionate loves pets and head rubs https://t.co/8ellmOETcD https://t.co/9AcZscW7Y8',"b""RT Duke joins the #forgottensoulshour He's spent a year looking for his forever home He's a timid little fella who warms t\xe2\x80\xa6""",b'RT #Dog #Walter_CCSTCA_15 Here is his silly side ready to romp and play ball https://t.co/Vke4jU2VWw https://t.co/h5tOOq\xe2\x80\xa6',b'RT #Dog #Salinas_CCSTCA_01 Meet the dynamic easy going fun Salinas https://t.co/VYFpFH4CI4 https://t.co/HeKbPN79i7',b'RT Beth would like you to retweet her so the people who are searching for their perfect match might just find her \xf0\x9f\x92\x9a https:\xe2\x80\xa6',b'RT #Dog #Papacito_CCSTCA_01 Very cuddly affectionate loves pets and belly rubs https://t.co/IM4WWGH25u https://t.co/i6Z\xe2\x80\xa6',b'RT #Dog #Pluto_CCSTCA_07 Beautiful eyes and markings https://t.co/8ellmOETcD https://t.co/oL5kzHh14x',b'RT #Dog #Pluto_CCSTCA_07 Ready to romp and play Fun and mischievous husky https://t.co/8ellmOETcD https://t.co/83Zfn0Lpys',b'RT Beth would like you to retweet her so the people who are searching for their perfect match might just find her \xf0\x9f\x92\x9a https:\xe2\x80\xa6'
b'RT #TimeTraveller Grovyle &amp Dusknoir from Pokemon Mystery Dungeon Explorers of Time for _Dailies ! #pixel_dailies #\xe3\x83\x89\xe3\x83\x83\xe3\x83\x88\xe7\xb5\xb5\xe2\x80\xa6',b'RT #TimeTraveller Grovyle &amp Dusknoir from Pokemon Mystery Dungeon Explorers of Time for _Dailies ! #pixel_dailies #\xe3\x83\x89\xe3\x83\x83\xe3\x83\x88\xe7\xb5\xb5\xe2\x80\xa6',b'_face_goat Timetraveller only explanation or CTE',"b""RT guys knowing that Ame is a detective timetraveller and she can hop dimensions and timelines wouldn't it be funny to think tha\xe2\x80\xa6""","b""Surely if a timetraveller was caught on camera he'd just go back in time again and avoid it.""","b""RT guys knowing that Ame is a detective timetraveller and she can hop dimensions and timelines wouldn't it be funny to think tha\xe2\x80\xa6""",b'_x you are an amazing streamer &amp i love your whole vibe to relax by a quiet chat just meant that peo https://t.co/7um5MRJvc4',b'RT _Gidwani \xf0\x9f\x9a\xa8What a speech\xf0\x9f\x9a\xa8 This 10 year old girl shows us the power of the coming youth! A 10 year old can understand but not our Go\xe2\x80\xa6',"b""I am one of those who focus too much on chat But I'm bookmarking this now to change my mindset \xe2\x9d\xa4\xef\xb8\x8f\xe2\x9d\xa4\xef\xb8\x8f""",b'Bless you \xe2\x9d\xa4\xef\xb8\x8f',b'Definitely _x aka MoJiwa His cursed cosy streams are brilliant 10/10 recommend https://t.co/eUMPkvxn3g',"b""RT guys knowing that Ame is a detective timetraveller and she can hop dimensions and timelines wouldn't it be funny to think tha\xe2\x80\xa6""",b'This is not right and should not be allowed to happen I am lucky to have a platform of inherent p https://t.co/sZhsBUCB3G',b'_x And this is why I will always support you mo We need more men like you on twitch \xf0\x9f\xa5\xb9',b'Myths and superstitions are all we have to make sense of this whole thing https://t.co/Ehg06t2eL3',"b""RT guys knowing that Ame is a detective timetraveller and she can hop dimensions and timelines wouldn't it be funny to think tha\xe2\x80\xa6""","b""\xf0\x9f\x92\xa5\xf0\x9f\x98\x8e\xf0\x9f\x8e\xb9\xf0\x9f\x8e\xbcCheck out #JerryHull's #Latest 16 track &gt;&gt \xf0\x9d\x90\x93\xf0\x9d\x90\x88\xf0\x9d\x90\x8c \xf0\x9d\x90\x93\xf0\x9d\x90\x91\xf0\x9d\x90\x80\xf0\x9d\x90\x95\xf0\x9d\x90\x84\xf0\x9d\x90\x8b\xf0\x9d\x90\x8b\xf0\x9d\x90\x84 \xc2\xa9\xf0\x9d\x9f\x90\xf0\x9d\x9f\x8e\xf0\x9d\x9f\x90 \xf0\x9d\x90\x9a\xf0\x9d\x90\xa5\xf0\x9d\x90\x9b\xf0\x9d\x90\xae https://t.co/lAFMS9RJaM #epic #milestone https://t.co/dcaZcrD8r8""",b'\xf0\x9f\x92\xa5\xf0\x9f\x8e\xbc\xf0\x9f\x98\x8e\xf0\x9f\x8e\xb9Check out \xf0\x9d\x95\x83\xf0\x9d\x94\xb8\xf0\x9d\x94\xbb \xf0\x9d\x95\x83\xf0\x9d\x95\x86\xf0\x9d\x95\x8d\xf0\x9d\x94\xbc \xc2\xa9\xf0\x9d\x9f\x9a\xf0\x9d\x9f\x98\xf0\x9d\x9f\x9a https://t.co/yhxxTD8dVH #rocking #pop #hit #single by #recording #artist #JerryHull https://t.co/dcBM0Z8TpY',"b""\xf0\x9f\x92\xa5\xf0\x9f\x8e\xbc\xf0\x9f\x98\x8e\xf0\x9f\x91\x8d\xf0\x9f\x8e\xb9Check out #rocking #hit #single \xf0\x9d\x90\x86\xf0\x9d\x90\x88\xf0\x9d\x90\x91\xf0\x9d\x90\x8b\xf0\x9d\x90\x85\xf0\x9d\x90\x91\xf0\x9d\x90\x88\xf0\x9d\x90\x84\xf0\x9d\x90\x8d\xf0\x9d\x90\x83' \xf0\x9d\x90\x82\xf0\x9d\x90\x80\xf0\x9d\x90\x91 \xc2\xa9\xf0\x9d\x9f\x90\xf0\x9d\x9f\x8e\xf0\x9d\x9f\x90 https://t.co/0TRpVRZcJK by #recording #artist https://t.co/WcHxStHX95""","b""RT guys knowing that Ame is a detective timetraveller and she can hop dimensions and timelines wouldn't it be funny to think tha\xe2\x80\xa6""","b""RT guys knowing that Ame is a detective timetraveller and she can hop dimensions and timelines wouldn't it be funny to think tha\xe2\x80\xa6""","b""RT guys knowing that Ame is a detective timetraveller and she can hop dimensions and timelines wouldn't it be funny to think tha\xe2\x80\xa6""","b""RT guys knowing that Ame is a detective timetraveller and she can hop dimensions and timelines wouldn't it be funny to think tha\xe2\x80\xa6""","b""RT guys knowing that Ame is a detective timetraveller and she can hop dimensions and timelines wouldn't it be funny to think tha\xe2\x80\xa6""","b""RT guys knowing that Ame is a detective timetraveller and she can hop dimensions and timelines wouldn't it be funny to think tha\xe2\x80\xa6"""

b'Happy Cinco De Mayo!! Be safe out there this weekend! #rajiim #actor #actorslife #actorsofinstagram #imdb https://t.co/v1LWTsjTC1',b'RT I rated Gentleman Jack A Lucky and Narrow Escape (S2.E5 10/10 #IMDb I\xe2\x80\x99m sorry but GJ is doing to her sister right now is\xe2\x80\xa6',b'I rated The Wind Rises (2013 10/10 #IMDb https://t.co/IbyhFG54fV',b'I rated Guardians of the Galaxy Volume 3 (2023 8/10 #IMDb https://t.co/OHqOpalUYu',b'RT _NeNe #GatesMcFadden is now in the top 500 Celebrities on #IMDB after S3 of #StarTrekPicard aired As well as #EdSpeelers &amp #Jer\xe2\x80\xa6',b'RT I rated Gentleman Jack A Lucky and Narrow Escape (S2.E5 10/10 #IMDb I\xe2\x80\x99m sorry but GJ is doing to her sister right now is\xe2\x80\xa6',b'RT Go to check https://t.co/H30Aoom7hR guys \xf0\x9f\x98\x8d\xf0\x9f\x8e\xac #movies #actress #imdb https://t.co/Z5XMhbHol0',b'RT I just checked out on her #YouTube channel https://t.co/o26xDMxaDs #actors #actorslife #acting #sagaftra #imdb #audi\xe2\x80\xa6',b'I rated Guardians of the Galaxy Vol 3 (2023 7/10 #IMDb In some ways this movie didn\xe2\x80\x99t instantly connect like the https://t.co/AUx6UFaqXA',b'RT I just checked out _Brae on his #MUSIC channel https://t.co/9wJvf3S9Pk #actors #actorslife #acting #sagaftra #imdb #au\xe2\x80\xa6',b'The unforgettable (not unsinkable like her Mom Carrie Fisher Day #MayTheFourthBeWithYou The father who flipped o https://t.co/gi31ltHSl8',"b""I rated The Pope's Exorcist (2023 6/10 #IMDb https://t.co/n5VMtcpBZO""","b""Saw 'Mrs Undercover' starring #RadhikaApte #SumeetVyas #RajeshSharma Not the typical masala movie Lots of flaws https://t.co/hRSl2B51JD""",b'RT I rated Gentleman Jack (2019\xe2\x80\x932022 10/10 #IMDb #SaveGentlemanJack \xe2\x81\xa6 \xe2\x81\xa6 https://t.co/CdR9oHolPm',b'I rated Trespass (2011 6/10 #IMDb not good but entertaining https://t.co/MRNgjVbYLp'
